Sample,Date,Winter,Species,Al,As,Bi,Cd,Co,Cr,Cu,Mo,Ni,Pb,Zn
IS19111,28/03/2019,2018/2019,GWFG,2213.225842,4.736104478,25.03603566,0.250384333,2.160518349,2.774870183,9.427630594,1.135376454,3.159777977,22.51891172,66.70442643
IS19104,28/03/2019,2018/2019,GWFG,1302.465112,0.776670759,7.925179707,0.187946999,0.674913012,1.559928279,9.514261375,0.425845283,2.621353917,16.50914632,46.81478814
IS19105,28/03/2019,2018/2019,GWFG,861.9383861,1.045814068,3.302375853,0.233853716,0.355408312,1.032792685,10.65840253,3.209688418,2.937162338,16.06778396,49.41251386
IS19149,01/04/2019,2018/2019,GWFG,8003.967991,3.513158969,26.53296583,0.291393505,6.582755818,8.60085344,78.47145074,3.06725546,18.42345877,14.47707098,283.6129722
IS19112,28/03/2019,2018/2019,GWFG,1534.417431,1.419268588,20.64004213,0.1321784,1.075119271,2.009570955,6.027186763,0.613477383,2.162350441,12.51350401,37.74344113
IS2019F85,26/02/2019,2018/2019,GBG,4401.239346,0.868259361,26.03990754,0.127298168,1.524380153,9.160139288,6.837511714,0.950261792,2.666645603,10.65660921,34.44060744
IS2019F193,01/04/2019,2018/2019,GBG,3598.840514,2.41247787,5.640904848,0.228123324,0.538007309,3.829474267,6.724128115,1.295780116,1.750761023,10.35575958,35.45042843
IS2018F07,22/02/2018,2017/2018,GBG,4010.392168,1.197498064,5.150309136,0.093617755,1.296405352,4.83373008,4.867653274,0.775316201,2.872363321,9.547616938,24.82674137
IS2019F54,26/02/2019,2018/2019,GBG,4972.657478,0.829414989,19.10159804,0.134920119,1.524870184,8.728381011,4.526962139,0.788250828,3.213414174,9.260382891,31.75816762
IS19003,07/02/2019,2018/2019,GWFG,3196.456058,2.401246264,12.36258448,0.16957061,1.643119957,3.197401093,10.16102683,0.415145239,2.473628937,9.150053821,29.92183449
IS2019F70,19/02/2019,2018/2019,GBG,5861.289739,2.626601798,5.563574244,0.22627155,1.32692285,7.279025437,8.394911017,2.088214122,3.692193031,8.518784533,32.12569593
IS2019F55,26/02/2019,2018/2019,GBG,3397.806164,0.33,10.77340252,0.116452289,1.04945457,6.637991622,9.21248035,0.691982424,2.584566788,8.35338289,39.82454389
IS19102,27/03/2019,2018/2019,GWFG,2878.281117,1.805465,11.87474784,0.1188284,1.703406234,3.947413342,11.19154516,0.933735713,4.29427895,8.315983397,42.32862797
IS19065,19/03/2019,2018/2019,GWFG,2184.178401,0.879468882,2.806925089,0.102821134,0.55644905,3.349825813,9.459183267,1.215216856,2.95566036,8.259173115,44.02544374
IS19072,20/03/2019,2018/2019,GWFG,3515.600556,0.912569594,11.05202559,0.125534929,0.898789191,7.133699942,6.894394195,0.80771323,2.55517821,8.068125895,38.90960607
IS19004,07/02/2019,2018/2019,GWFG,4300.982608,2.14211253,11.57905094,0.139743989,1.255276161,3.806590578,7.367185139,0.447702327,2.486620255,8.031461804,26.23281769
IS19073,20/03/2019,2018/2019,GWFG,3749.205249,0.863687994,6.656056998,0.134932675,0.807460899,7.266343353,7.671290256,0.600589092,2.584178665,7.927201418,35.22552064
IS19093,26/03/2019,2018/2019,GWFG,2457.627206,0.91294015,8.018284183,0.114485971,0.822266841,4.064857791,7.983893379,0.947955739,2.282732403,7.880069913,35.1461126
IS19145,31/03/2019,2018/2019,GWFG,5559.014319,3.743401337,45.74419571,0.187234616,3.318251469,7.568358545,11.89158462,0.939801079,5.110204181,7.80450752,36.21757923
IS19071,19/03/2019,2018/2019,GWFG,1759.602303,1.77617463,4.92511604,0.085567497,0.421114399,3.859050948,10.10963505,1.655554974,1.780273766,7.796327239,37.2000497
IS2018F18,22/02/2018,2017/2018,GBG,12097.72582,1.398487057,12.67116352,0.261932563,4.73372454,18.43502263,8.844911986,0.635349669,9.659320602,7.712813717,41.40038775
IS2019F153,01/04/2019,2018/2019,GBG,5844.196187,1.541464343,9.658289631,0.202588639,2.692142463,8.007071762,8.878083228,1.621157723,3.946727197,7.350859509,47.39741708
IS19034,24/02/2019,2018/2019,GWFG,1755.681094,0.33,5.632673259,0.109246075,0.18,3.548747794,7.514144562,1.886557184,1.447313627,7.271007597,28.90209305
IS19022,14/02/2019,2018/2019,GWFG,3151.893468,2.426838226,7.930582109,0.092520425,0.720633837,7.378980768,5.676765888,4.318917706,2.131468466,7.253902414,23.01584007
IS19121,29/03/2019,2018/2019,GWFG,1627.76814,1.281307889,4.672226032,0.0553063,0.18,3.024825565,4.201567189,0.882149788,1.240829001,7.24452302,14.52280484
IS19074,20/03/2019,2018/2019,GWFG,3133.613003,0.33,6.073803633,0.138158795,0.777881356,6.337989734,11.18808667,1.040866174,2.831199043,7.243432243,50.78449011
IS2019F159,03/04/2019,2018/2019,GBG,2118.713788,0.928389004,4.9590067,0.190863175,1.144685119,5.171443027,11.6497454,1.787604466,2.105858401,7.194107093,37.99680589
IS2019F72,19/02/2019,2018/2019,GBG,3928.203471,1.003899739,3.320692906,0.084151036,0.694298655,5.558813359,5.187654803,2.073285669,2.62234521,7.037360516,24.56438159
IS19103,27/03/2019,2018/2019,GWFG,2915.11372,1.017379028,15.64420658,0.093943318,1.787216219,4.558571016,11.72885162,1.081720034,4.25531547,6.804448585,43.26386257
IS19101,27/03/2019,2018/2019,GWFG,2720.883383,0.910408588,16.40915564,0.073300695,1.347003309,3.984701843,10.68223799,1.01280016,3.37038433,6.609815146,33.35828141
IS19067,19/03/2019,2018/2019,GWFG,4570.740065,0.827479272,24.58917774,0.12360003,1.176042672,6.142285005,6.002709786,0.551687555,2.485825718,6.53765743,26.93784093
IS19138,31/03/2019,2018/2019,GWFG,2167.041129,2.045547221,7.142977642,0.171153062,1.480647691,4.314720451,7.051617788,1.627252186,2.411183587,6.50377152,31.12285433
IS19042,26/02/2019,2018/2019,GWFG,3318.429966,3.420167116,10.57896914,0.142658144,1.131002001,3.399546285,5.294247128,2.235413924,3.31160647,6.355529579,32.7208841
IS2018F04,22/02/2018,2017/2018,GBG,1651.798875,0.33,4.352300502,0.067495537,0.683267428,2.021670948,7.331409422,0.465711923,2.628218266,6.282431887,28.84396756
IS19094,26/03/2019,2018/2019,GWFG,1633.503965,0.797494921,3.092949143,0.050322178,0.463262681,2.480060293,6.723268259,1.200791689,1.778697462,6.210277292,31.64671536
IS2018F38,26/02/2018,2017/2018,GBG,8467.791596,3.730097855,7.273948197,0.171402816,1.837130526,12.49537317,4.018849505,6.148486693,5.698919754,6.147767725,29.35689626
IS19155,04/04/2019,2018/2019,GWFG,4726.582633,1.55106633,12.88117905,0.080241358,0.734766188,8.127423795,4.542010704,0.459610652,2.0088257,6.138662221,19.90626733
IS19139,31/03/2019,2018/2019,GWFG,1639.138528,1.308597519,8.394572417,0.229381592,1.93375416,3.821823687,8.01954135,1.774241832,2.228045585,6.101577831,36.11912342
IS2018F37,26/02/2018,2017/2018,GBG,7060.688872,3.456209548,8.164683785,0.186473539,1.694377119,10.80507355,4.203814431,8.866329965,5.192419826,6.077431202,27.3706925
IS2018F28,26/02/2018,2017/2018,GBG,8408.021274,5.474405151,8.929714258,0.229590701,1.954262821,14.57104704,3.395579913,9.816084379,5.802994653,6.075502343,24.53964827
IS2019F158,03/04/2019,2018/2019,GBG,2232.753444,1.491948603,3.651466829,0.136753002,0.841784406,5.471076775,8.307261104,2.111083514,2.168973359,6.068622854,37.19503284
IS2018F34,26/02/2018,2017/2018,GBG,6849.513297,4.308599169,34.06970959,0.163973041,1.820399618,15.18440279,4.299620848,11.3940652,5.721376795,6.021297147,32.14726518
IS19110,28/03/2019,2018/2019,GWFG,1257.870181,1.277985777,6.09425933,0.109598994,0.566694892,1.488709711,6.609559045,0.795723422,1.79824304,6.008644972,34.65621034
IS2019F101,15/02/2019,2018/2019,GBG,2738.93406,1.90799345,10.78754754,0.125681563,0.622896415,5.963299166,5.959348951,0.993956278,1.915002772,5.971576796,21.24632251
IS2018F09,23/02/2018,2017/2018,GBG,3765.891031,1.634129083,4.637650132,0.150643724,1.097279669,6.166501372,10.66718702,1.101885735,2.457658624,5.841051263,15.86572603
IS2018F29,21/02/2018,2017/2018,GBG,3082.578952,0.33,3.593093251,0.174286113,0.636325954,4.127560277,7.026215809,0.8658718,1.946352385,5.793968675,26.5979972
IS19031,16/02/2019,2018/2019,GWFG,2876.393941,1.309828636,7.279211072,0.085214923,1.0848517,5.752916824,7.633088693,2.219693504,2.300178283,5.773542501,37.81219687
IS2018F27,21/02/2018,2017/2018,GBG,3054.0452,1.556278292,23.36206263,0.360766314,1.235092729,7.077747768,7.476610417,1.851341284,2.387415209,5.726674339,83.17271684
IS2019F160,03/04/2019,2018/2019,GBG,1927.76082,1.688601294,6.471352416,0.168728311,0.946495416,4.841327877,9.496082572,1.897041787,1.951288995,5.689483213,36.30916907
IS19070,19/03/2019,2018/2019,GWFG,1500.676891,1.165997953,2.183804986,0.097066103,0.448697106,2.822920608,10.67891438,1.899263318,2.29161351,5.689401013,48.22281862
IS2019F152,01/04/2019,2018/2019,GBG,4145.189918,0.912354531,6.041371469,0.111314088,1.706893969,6.439758246,7.191244485,1.136357082,3.34472806,5.655945258,33.5233055
IS19140,31/03/2019,2018/2019,GWFG,1818.652949,1.628773224,9.112984926,0.144739312,0.889505684,3.331325061,6.078761634,2.046250995,1.835927803,5.616850087,27.20780551
IS2019F194,30/03/2019,2018/2019,GBG,3065.640397,0.33,3.088314272,0.102491049,0.681364523,2.680264653,6.856061504,1.902951763,2.03283442,5.562636927,19.45061759
IS2018F16,26/02/2018,2017/2018,GBG,2073.678909,1.412300991,7.940561671,0.127791595,0.374795349,5.716295141,5.43608013,1.682992845,1.350442088,5.522652375,19.08213632
IS2019F53,26/02/2019,2018/2019,GBG,1544.232542,0.902920212,3.454643233,0.065523801,0.18,3.227658693,6.695215562,1.00927545,1.205875451,5.508996341,17.74305459
IS19010,08/02/2019,2018/2019,GWFG,2168.177795,5.002088246,5.912763175,0.107377198,1.320654363,3.236501385,13.66519062,0.57989549,5.149754805,5.503934738,49.48039153
IS19092,26/03/2019,2018/2019,GWFG,2063.543242,0.33,1.08,0.062013437,0.49201344,3.232030735,6.293782057,1.495239687,1.871708161,5.475572908,29.2427358
IS2019F196,30/03/2019,2018/2019,GBG,2936.660556,0.33,2.705933026,0.116244208,0.628588816,2.770816761,8.240735231,1.597423428,2.040041822,5.447023445,17.89805739
IS2018F10,23/02/2018,2017/2018,GBG,2325.928573,0.33,3.611609191,0.066347231,0.826858144,3.462463091,6.255769337,0.980269222,2.036120874,5.383234693,35.19398104
IS19109,28/03/2019,2018/2019,GWFG,905.2508104,0.713195022,5.891812535,0.089669966,0.516227761,1.256914243,9.238925314,0.21,1.730953759,5.326949593,38.10266199
IS2018F20,26/02/2018,2017/2018,GBG,2275.717653,1.128356786,8.985981227,0.083321787,0.403115615,4.370157209,6.183888308,1.367682425,1.479297262,5.286442992,20.01279717
IS2019F177,28/03/2019,2018/2019,GBG,2687.874089,0.678249254,4.063772848,0.104721475,0.763028169,4.008610147,8.704645701,0.594652144,2.754526461,5.253261097,31.85037266
IS19009,08/02/2019,2018/2019,GWFG,1897.935952,5.785095729,7.206424644,0.116751303,1.274519103,2.685301699,10.76326564,4.928839463,4.603161115,5.219912897,41.51087441
IS2019F100,15/02/2019,2018/2019,GBG,2953.902182,0.33,8.484949095,0.077431694,0.615949885,5.15729307,4.957014934,1.058339929,1.958050069,5.144074027,16.5494682
IS2019F96,19/02/2019,2018/2019,GBG,6074.357303,3.501752802,9.014585218,0.178629534,1.597581594,9.485131266,3.721336092,7.809938117,4.782063368,5.125155409,28.65194891
IS2019F200,30/03/2019,2018/2019,GBG,2013.814183,0.33,2.259581552,0.107419418,0.663703244,2.44384387,9.701376258,1.755213735,2.299442477,5.103531743,28.62380089
IS19075,20/03/2019,2018/2019,GWFG,2742.193207,2.026002458,8.490861316,0.057087107,0.381439473,6.800130535,4.133022659,0.859892269,1.658832914,5.083134317,27.09822676
IS2018F22,26/02/2018,2017/2018,GBG,2738.246755,0.96271614,16.34578301,0.123356079,0.777969166,5.715691594,8.932931387,1.29992908,1.902299147,5.043419205,35.36120981
IS19060,19/03/2019,2018/2019,GWFG,1567.191144,3.706443829,9.019079552,0.296483413,0.422328444,2.878491567,45.99818225,12.28757561,7.119298343,5.033627299,230.3243655
IS19018,13/02/2019,2018/2019,GWFG,1641.63407,0.33,8.406811841,0.062887662,1.364120709,3.011685656,11.34230794,1.385597823,4.502072706,5.031368347,44.55503737
IS19023,14/02/2019,2018/2019,GWFG,2957.237048,1.842663466,8.747686598,0.110751561,1.027109282,5.120157121,6.984913321,2.072931999,2.743457494,5.0060634,34.76447351
IS2019F118,28/03/32019,2018/2019,GBG,3453.557619,1.966428899,4.390579796,0.16090841,0.870648924,4.173890277,6.332799993,0.900577308,2.675142384,4.994795349,28.70420835
IS2019F60,27/02/2019,2018/2019,GBG,1679.97202,1.482663908,5.136598734,0.167965784,0.531689732,2.586166212,3.24706263,0.52561238,1.301081423,4.964833731,13.92271174
IS2019F128,04/04/2019,2018/2019,GBG,2684.350804,0.33,2.327502655,0.23453923,0.738850368,3.668687318,8.642947206,2.379480076,2.055122669,4.957954692,30.93235598
IS2018F26,26/02/2018,2017/2018,GBG,7329.125099,3.374471438,7.190466395,0.218798684,1.581040938,12.40928938,5.100701096,11.99221367,5.10575768,4.887577246,32.12516239
IS19011,08/02/2019,2018/2019,GWFG,1535.473766,2.481749748,8.991061584,0.10665787,0.811134554,2.347433779,8.498598825,0.81356316,2.450473653,4.851877042,39.36862721
IS2018F03,22/02/2018,2017/2018,GBG,2314.152182,0.705339736,2.547480507,0.210793264,0.737820845,3.052975507,7.413222804,0.992830984,2.569237581,4.670845446,26.1218251
IS2019F197,30/03/2019,2018/2019,GBG,2480.437837,0.33,3.013105274,0.096672899,0.633989319,2.276790774,9.07492886,1.936908425,2.195231595,4.668071088,21.64029947
IS19002,07/02/2019,2018/2019,GWFG,1848.48471,0.33,4.747663444,0.085512697,0.385212111,1.721804617,10.57660947,0.21,2.12611171,4.654335056,32.13052553
IS19106,28/03/2019,2018/2019,GWFG,1278.964615,1.647063674,13.13806435,0.145658355,1.601359033,1.412722029,8.485080628,0.21,3.569524225,4.646591643,44.11393112
IS2019F198,30/03/2019,2018/2019,GBG,2581.805114,0.33,2.463370415,0.13011941,0.889971509,3.533405693,7.958690972,1.195738281,2.926300908,4.612690694,28.71002381
IS2019F203,30/03/2019,2018/2019,GBG,3530.299523,0.72528139,2.363533573,0.103468065,0.979264455,4.62362507,9.055399495,4.454255397,2.737745148,4.555256657,41.13792171
IS2019F59,27/02/2019,2018/2019,GBG,2222.04587,1.375253545,5.4626845,0.059694381,0.373156089,3.278405814,7.523222332,1.968238687,1.766488755,4.494278967,24.24829321
IS2019F95,26/02/2019,2018/2019,GBG,1887.986199,0.684210758,1.08,0.092854989,0.381836287,3.084269084,6.781884862,2.230050217,1.798213078,4.485962297,36.28293646
IS2019F191,01/04/2019,2018/2019,GBG,1755.477938,0.33,1.08,0.153973165,0.411962298,1.725154656,4.690266055,1.42154693,1.823106992,4.453634333,16.64480545
IS2018F17,26/02/2018,2017/2018,GBG,2204.473633,0.771736403,10.60703699,0.076145918,0.428384343,4.204684524,7.116265954,2.086116347,1.460021403,4.379248916,22.70461086
IS2019F151,01/04/2019,2018/2019,GBG,3760.902336,1.465804859,5.623746977,0.131603861,1.263150458,5.419067799,6.985296795,1.678462941,2.911412343,4.359427523,30.84273027
IS2019F62,19/02/2019,2018/2019,GBG,2638.309109,1.087485244,6.445436895,0.059816015,0.752133031,5.085985551,3.698424775,4.154182528,2.739064129,4.348628609,19.12991409
IS2019F195,30/03/2019,2018/2019,GBG,2736.524995,0.33,2.367343787,0.102509034,0.588406369,2.40542706,6.155585431,1.384430057,2.025642925,4.301912193,17.633346
IS2019F204,30/03/2019,2018/2019,GBG,3479.55961,0.33,2.556315721,0.102922276,0.813381502,4.534763385,7.90447529,3.295560581,2.019786047,4.24398744,47.29787637
IS2018F23,22/02/2018,2017/2018,GBG,4976.50962,1.041718085,18.55129441,0.085777908,2.58624302,9.12282776,6.731100786,0.966291291,4.784302843,4.233180094,26.51344495
IS2019F134,06/04/2019,2018/2019,GBG,1874.509629,0.33,4.085645024,0.054941809,0.737797537,2.161596843,6.938569773,0.563497945,2.025159145,4.203570364,18.36224952
IS2018F05,22/02/2018,2017/2018,GBG,4762.663367,1.653982704,6.268327721,0.085091193,1.222396027,7.642986679,4.208900604,5.977604818,3.632824036,4.199310357,22.72145024
IS2019F190,01/04/2019,2018/2019,GBG,1806.062796,0.794588639,1.08,0.190008393,0.510416516,1.729317063,3.63963516,1.615026334,1.848753719,4.196847078,20.83485255
IS2019F92,26/02/2019,2018/2019,GBG,789.9009344,0.33,2.857668549,0.101552843,0.18,1.121074877,7.971041604,4.26106083,1.139768394,4.188999659,42.18135645
IS19080,20/03/2019,2018/2019,GWFG,928.9555325,0.970760487,1.08,0.063415905,0.18,1.958817639,5.565381371,1.64905508,1.462128265,4.184626414,29.43201848
IS19021,14/02/2019,2018/2019,GWFG,3860.775333,3.06315238,10.5400783,0.074153358,0.965074423,6.745452899,3.701063548,10.22177522,3.135590656,4.184140329,31.19285381
IS2019F125,04/04/2019,2018/2019,GBG,3805.561509,1.270055414,5.096529106,0.103397314,1.805045984,5.085449232,6.730027698,1.97909609,3.371469021,4.113097851,32.83437888
IS2019F99,15/02/2019,2018/2019,GBG,1720.727095,1.007397863,6.557707834,0.074112591,0.465918365,2.622498733,10.2027344,1.872917338,1.68293359,4.105744279,27.45613392
IS2018F06,22/02/2018,2017/2018,GBG,3495.172977,1.469870958,4.610610168,0.14794778,0.997533228,5.598870653,3.960144876,7.106123818,3.273267605,3.988203648,22.58049514
IS2018F51,20/02/2018,2017/2018,GBG,2081.712605,0.33,1.08,0.110937885,0.415022843,2.63942901,5.511050649,3.350562034,1.686896638,3.980594563,22.69414194
IS2019F133,04/04/2019,2018/2019,GBG,3492.548838,0.784451993,6.897230407,0.106495187,0.676047327,5.72459729,7.60182218,2.419611706,2.459063546,3.934558155,26.11658607
IS2019F121,28/03/32019,2018/2019,GBG,2977.246895,2.014221077,5.613070149,0.154784385,0.654107531,4.806201706,10.59687224,1.236625533,2.397235858,3.922814232,36.20168008
IS19001,07/02/2019,2018/2019,GWFG,1495.843584,0.71685627,3.175834979,0.080949127,0.432829398,1.366346892,14.63413547,0.616472747,3.255930019,3.909202601,51.78723652
IS19054,27/02/2019,2018/2019,GWFG,1792.633111,0.935814785,5.873561094,0.032907909,0.645788367,2.350441656,7.040723132,0.878078116,2.310614384,3.88173842,26.70798692
IS2019F135,06/04/2019,2018/2019,GBG,1657.388591,0.33,3.688438312,0.058599178,0.705223625,2.039903347,4.813346454,0.557093459,1.916422564,3.802390184,16.35558748
IS2018F25,20/02/2018,2017/2018,GBG,1711.228369,1.212665314,5.187020707,0.114729985,0.49359704,2.998593155,7.133250629,2.823669953,1.387408204,3.785914195,47.51147062
IS2018F12,22/02/2018,2017/2018,GBG,4193.827783,2.735429946,7.39921451,0.123350228,1.427515253,7.475767079,2.932661998,4.928992258,4.032425269,3.778286593,20.67075886
IS2019F93,26/02/2019,2018/2019,GBG,1206.195321,1.031332172,3.884672507,0.086246763,0.18,2.406164664,4.849357424,4.120922654,1.191361845,3.755772923,21.75881807
IS2019F205,30/03/2019,2018/2019,GBG,2492.173051,0.33,1.08,0.084681914,0.592970795,3.369277067,5.612406925,3.578669424,2.10095224,3.670072854,27.45723491
IS2018F02,22/02/2018,2017/2018,GBG,1600.930962,0.33,1.08,0.074606017,0.634400232,1.966501246,6.336883473,0.21,3.127941506,3.66664005,17.89345812
IS2018F40,21/02/2018,2017/2018,GBG,2127.328589,0.33,3.010675113,0.108362349,0.571503967,2.88179034,7.214705592,0.85497296,2.040928328,3.664906159,23.59156116
IS19032,16/02/2019,2018/2019,GWFG,2166.71421,1.375573623,7.56885652,0.044277063,0.517167547,4.117896566,6.485712064,2.153163308,1.718154285,3.582822848,29.87107541
IS2018F13,22/02/2018,2017/2018,GBG,1940.666125,0.33,2.40125697,0.058681301,0.507123725,2.290863566,4.655144544,0.611830656,2.119513693,3.518960033,18.87263024
IS2019F119,28/03/32019,2018/2019,GBG,2499.335219,2.052655277,3.247772373,0.108104124,0.848463648,2.923531798,7.346813912,0.863823719,2.427654108,3.513691863,31.69904992
IS2018F41,21/02/2018,2017/2018,GBG,1642.865426,0.33,1.08,0.118867598,0.556724741,2.251054801,10.07857478,1.303823976,2.073867949,3.48196113,41.47820419
IS2018F33,21/02/2018,2017/2018,GBG,6955.296041,2.537324498,50.10530478,0.162095282,4.190411069,16.74399969,2.486496656,1.231597214,7.624232525,3.464798081,22.30629061
IS2019F149,01/04/2019,2018/2019,GBG,5674.927274,0.33,13.73568081,0.160967849,2.899447691,8.445626899,6.740366597,1.053309828,4.957498912,3.4380911,32.91770099
IS2019F180,27/03/2019,2018/2019,GBG,2386.194892,2.395403075,6.406161322,0.183871721,1.105508682,3.551798717,10.05436853,1.145784931,3.15843861,3.415443612,37.46581155
IS2019F157,01/04/2019,2018/2019,GBG,2712.012729,1.878415133,5.224345145,0.103970881,1.647765196,4.182962336,9.480304785,1.660627753,2.630927874,3.407099162,35.60709322
IS19156,04/04/2019,2018/2019,GWFG,4156.775224,0.33,8.13602059,0.114798859,1.147186547,6.033873292,5.861328281,0.487400036,2.436852229,3.394420263,27.29482319
IS2018F08,22/02/2018,2017/2018,GBG,3940.710906,1.94855493,7.073828509,0.115047723,1.221115231,6.530937262,3.119586037,3.842812902,3.520889165,3.358779354,23.20982549
IS19063,19/03/2019,2018/2019,GWFG,1165.528196,0.33,1.08,0.066435538,0.18,1.767323343,8.414687033,0.787804723,2.729703786,3.317071867,38.38710285
IS2019F75,27/02/2019,2018/2019,GBG,1243.037733,0.33,7.639652645,0.086771739,0.52454748,2.251058632,9.868990414,0.751439795,2.34273579,3.293649446,36.19370357
IS19030,16/02/2019,2018/2019,GWFG,947.9989012,0.966371172,3.295502436,0.042979585,0.18,2.729907106,8.558229327,1.734008163,1.432324613,3.242108026,37.42665144
IS19157,04/04/2019,2018/2019,GWFG,3768.286119,0.33,6.252760283,0.096357939,0.743909898,5.368602249,5.188551484,0.21,2.312315063,3.209862634,21.12332527
IS2019F87,25/02/2019,2018/2019,GBG,1095.778558,0.33,1.08,0.065039675,0.351905261,1.460464609,8.819320187,0.984796738,1.969795418,3.148231733,34.98899912
IS19006,08/02/2019,2018/2019,GWFG,2226.539046,2.703209821,7.634457124,0.186586354,1.415018833,3.005449418,8.507576296,1.071768917,3.28607376,3.145298717,27.84730906
IS19120,29/03/2019,2018/2019,GWFG,817.2116369,0.33,4.496763392,0.050312074,0.18,1.753429223,9.771542037,1.841640424,1.029148338,3.106699984,41.99081493
IS2019F123,04/04/2019,2018/2019,GBG,3944.908871,0.33,3.577692121,0.056692855,1.292222305,4.841098606,4.373279866,1.650944535,3.043343699,3.092857311,18.33449702
IS2019F202,30/03/2019,2018/2019,GBG,2349.574609,0.33,1.08,0.074852989,0.573130923,2.991730334,4.186370691,2.718345286,2.034742581,3.056125251,22.78583967
IS19137,31/03/2019,2018/2019,GWFG,2578.076466,0.824406553,9.339913875,0.122700991,2.026346612,3.563984153,9.453288073,2.210873945,3.905318726,3.050811939,28.6556886
IS2019F154,01/04/2019,2018/2019,GBG,2560.990818,1.430219572,5.059931554,0.104332748,1.364888839,3.764317937,6.364019116,1.564927452,2.258525425,3.045107764,28.98472538
IS2019F150,01/04/2019,2018/2019,GBG,2549.782562,1.017279854,3.835935597,0.069964706,1.083440568,3.812859072,8.378922497,2.047052156,2.554383258,3.004205537,33.02019637
IS19008,08/02/2019,2018/2019,GWFG,1997.485179,4.536668649,14.21930124,0.259494558,1.101180623,2.545197026,10.48803666,1.585198313,2.616333121,2.986466118,34.63735313
IS2019F132,04/04/2019,2018/2019,GBG,2658.40564,0.779177946,4.54098485,0.107554397,0.552481918,4.346604122,6.448347421,2.318150099,2.042287738,2.979221786,24.67089059
IS2019F182,26/03/2019,2018/2019,GBG,2010.891523,1.272540351,1.08,0.070751691,0.613524571,2.737892068,4.203303817,1.02743582,2.350381628,2.964097941,24.83590974
IS2018F48,20/02/2018,2017/2018,GBG,1780.908636,0.33,1.08,0.169274854,0.419151028,2.843632538,5.543696027,4.200481118,1.647157978,2.963136405,31.36843518
IS19095,26/03/2019,2018/2019,GWFG,3484.920192,0.33,5.317648028,0.080782242,1.01391482,3.249036277,8.346792801,2.372603381,2.260137976,2.955186065,26.25968501
IS19069,19/03/2019,2018/2019,GWFG,1861.078327,1.137640096,2.179589976,0.071244747,0.348662882,1.806630258,6.946550977,2.693407181,1.706766296,2.952173184,35.95472662
IS2019F71,19/02/2019,2018/2019,GBG,3937.155596,1.252922625,3.295778314,0.086830348,0.944255267,5.270699846,4.407151509,2.978332857,3.114172104,2.944328695,21.65753055
IS2018F24,22/02/2018,2017/2018,GBG,955.1908958,0.33,3.470494396,0.034978773,0.18,1.679436281,3.417732839,1.169529705,0.988484046,2.944326679,12.24772521
IS2019F199,30/03/2019,2018/2019,GBG,1858.716715,0.33,1.08,0.053753179,0.554710065,2.094551306,6.080151137,0.938776395,2.220982125,2.938389315,20.77545187
IS19056,27/02/2019,2018/2019,GWFG,1426.605898,0.725955921,2.637301895,0.047938705,0.502106361,1.736262552,9.008170197,0.77553297,2.42948894,2.915597368,34.85117622
IS19097,26/03/2019,2018/2019,GWFG,2406.701025,1.124626846,3.868348294,0.041701968,0.640577014,2.592059122,6.405104463,0.919871991,1.652935697,2.902261032,26.62376297
IS2019F126,04/04/2019,2018/2019,GBG,1387.645856,0.67163661,1.08,0.147293055,0.543794071,2.076898244,14.22019488,2.568982803,1.560763757,2.89603166,36.55564985
IS19068,19/03/2019,2018/2019,GWFG,1187.337392,0.33,7.00574677,0.056517989,0.18,2.222008633,6.252269048,0.557602385,1.487192428,2.889773537,20.00531885
IS2019F94,26/02/2019,2018/2019,GBG,1937.962775,3.422108697,4.725736164,0.116911101,0.649924787,1.69010651,2.719465469,2.972345269,1.569480826,2.878382335,20.21257861
IS2019F181,27/03/2019,2018/2019,D10,2347.064709,1.044433544,4.351390728,0.219462548,0.733830259,3.059611627,11.12203993,0.996476104,3.574998751,2.869468028,58.76516893
IS2018F50,20/02/2018,2017/2018,GBG,1744.275298,0.33,3.047225293,0.108680691,0.762298474,3.265646083,4.911697691,1.203475481,1.855520011,2.865286551,22.32305992
IS19007,08/02/2019,2018/2019,GWFG,2074.582857,2.305248791,17.92485023,0.194802728,2.020048878,3.045624703,13.31591882,0.852170341,4.08007997,2.843023244,39.77619021
IS19066,19/03/2019,2018/2019,GWFG,1445.425439,0.33,3.172837818,0.078908708,0.386486504,2.220820837,6.560899045,0.573780547,1.961452381,2.828607564,22.93813423
IS19076,20/03/2019,2018/2019,GWFG,2397.052114,0.77057208,2.948141726,0.029737256,0.18,4.291566305,2.896191551,0.616191303,1.604322291,2.763279429,11.46577696
IS19119,29/03/2019,2018/2019,GWFG,895.1566733,0.33,2.530100568,0.01,0.18,1.60219495,5.84170362,0.954758134,1.07588542,2.76088393,19.90626178
IS2019F176,28/03/2019,2018/2019,GBG,1156.062742,0.749506649,2.374982264,0.064623385,0.532650395,1.501556111,8.977616919,1.506907447,2.07004224,2.740179661,27.03130438
IS2019F111,27/03/2019,2018/2019,GBG,3710.434657,2.301960133,5.045587867,0.120696799,0.98579554,5.845931045,4.391987017,5.775100571,3.555248744,2.739602309,25.55424564
IS19147,31/03/2019,2018/2019,GWFG,1520.965303,0.33,13.73806942,0.069099435,0.746066716,2.053026243,9.725623473,0.614876762,2.300650036,2.716074011,29.46717328
IS2019F146,01/04/2019,2018/2019,GBG,1907.880844,0.33,2.728069349,0.057433325,0.795561227,2.945960615,4.578722782,0.723148851,2.045808609,2.687091613,28.85586378
IS19037,24/02/2019,2018/2019,GWFG,2879.613199,2.245482202,4.4753423,0.061522852,0.801080927,4.595916708,2.957187005,8.339218276,2.702662206,2.646111699,15.28661099
IS2018F32,21/02/2018,2017/2018,GBG,4129.84158,2.568795615,34.12572199,0.088398858,2.794071743,8.522529511,4.689466458,1.475399232,4.693608002,2.602222952,28.42863604
IS19039,24/02/2019,2018/2019,GWFG,2071.187748,1.626513891,5.371595677,0.048827893,0.692910824,4.086593519,3.089886104,11.15157777,2.19401339,2.592614041,27.21265122
IS19044,26/02/2019,2018/2019,GWFG,633.4843609,0.33,2.564243119,0.106283994,0.382720755,0.784404562,9.862972372,2.261836825,1.702675927,2.572819239,44.29492594
IS19115,28/03/2019,2018/2019,GWFG,1130.392868,1.317083528,1.08,0.063524669,0.534282134,1.742287037,5.62795067,0.931091498,1.526579393,2.501552465,24.77440832
IS19134,31/03/2019,2018/2019,GWFG,2425.32267,0.920292133,4.64178537,0.092202176,1.76462435,3.356168952,8.362771174,2.686569476,3.214502683,2.464077206,30.68871592
IS2019F179,27/03/2019,2018/2019,GBG,1962.369257,0.912563459,3.994792729,0.107229266,0.725269671,2.620282936,6.42930099,0.83741548,2.531809424,2.431484742,22.03974799
IS2018F01,23/02/2018,2017/2018,GBG,1066.247975,0.33,1.08,0.075145146,0.514520722,1.637444012,3.755532594,0.555957548,1.544270122,2.410374963,17.53736285
IS19048,27/02/2019,2018/2019,GWFG,3054.141544,1.970345357,3.383815148,0.052810506,0.852029244,5.68574624,3.703616376,8.906965552,3.162311039,2.364498108,24.94329771
IS2019F78,10/02/2019,2018/2019,GBG,2032.759945,1.244867759,12.65825783,0.072242216,0.887402739,4.272758985,7.454863614,4.349808131,3.4826361,2.327834243,38.72397544
IS2019F74,27/02/2019,2018/2019,GBG,504.8208107,0.33,3.885754321,0.046461093,0.18,0.954787444,8.144893876,0.541249466,1.237603416,2.319228309,21.77677534
IS19041,26/02/2019,2018/2019,GWFG,1955.921823,1.284422409,2.410743056,0.05623981,0.403251724,2.954430187,6.089461139,1.408870678,1.920241877,2.317310417,23.70441447
IS2019F104,28/03/2019,2018/2019,GBG,1073.151159,0.33,1.08,0.107989413,0.597681957,2.753195978,9.580087562,1.012882682,1.616834653,2.309763148,45.31315735
IS2019F201,30/03/2019,2018/2019,GBG,976.4878166,0.33,1.08,0.056644616,0.356985709,1.07709324,6.168983119,0.21,2.032478098,2.306747467,22.45276679
IS2019F86,25/02/2019,2018/2019,GBG,719.4817788,1.072238045,2.20256524,0.063559172,0.18,1.393881478,11.83114539,1.850595236,1.521265722,2.298479634,50.21434484
IS2019F167,27/03/2019,2018/2019,GBG,2543.02191,0.33,1.08,0.079406559,0.483557347,3.877929684,4.452100889,6.042976871,2.500947618,2.295277283,20.24862434
IS2018F49,20/02/2018,2017/2018,GBG,1160.378833,1.202556228,1.08,0.122491644,0.600832568,2.224009088,4.609868075,1.305992829,1.50617667,2.26882247,18.04725159
IS2019F91,11/02/2019,2018/2019,GBG,1354.269558,2.356956935,4.481176376,0.051132759,0.18,3.486261951,5.670402924,1.011370301,1.379127224,2.265504091,20.55433899
IS19079,20/03/2019,2018/2019,GWFG,684.7451901,1.090544932,2.873895881,0.051634665,0.18,1.530869027,5.914957486,2.116580663,1.027695755,2.263415171,28.56145379
IS2018F21,23/02/2018,2017/2018,GBG,967.1218043,0.914809563,5.430695166,0.198108388,0.18,1.94842155,10.76394392,1.690121479,1.269005129,2.26094004,51.40657128
IS2018F39,26/02/2018,2017/2018,GBG,3485.433036,2.305106657,3.345498518,0.120734065,0.860589311,5.716012056,2.83648701,6.076097482,3.034080378,2.260383726,12.67073608
IS19035,24/02/2019,2018/2019,GWFG,513.8381179,0.33,2.587036651,0.111305148,0.18,0.763250846,8.159689915,3.287763579,1.185801799,2.235537192,32.9450187
IS2019F178,27/03/2019,2018/2019,GBG,1591.416671,1.559703848,3.514476038,0.09959029,0.458531254,2.120436075,6.121338858,1.172731156,2.573545793,2.234299356,21.85512079
IS19077,20/03/2019,2018/2019,GWFG,2084.093843,0.33,2.590042442,0.050123264,0.18,4.012616362,5.561281446,1.476595204,1.550561003,2.205878268,28.94816464
IS19081,22/03/2019,2018/2019,GWFG,1423.681066,0.980870117,1.08,0.03470782,0.18,2.154828316,8.715875083,3.26153644,1.683674504,2.19114997,25.48992686
IS19038,24/02/2019,2018/2019,GWFG,1584.639575,1.107723496,3.261153079,0.057748802,0.511474793,2.67520576,4.855980992,14.20698654,1.957007339,2.17990185,32.61996909
IS2019F155,01/04/2019,2018/2019,GBG,1882.071617,1.255065584,3.094168125,0.078095448,1.028154344,2.991426404,4.848637584,1.569486044,2.039983101,2.160487833,22.68119021
IS19114,28/03/2019,2018/2019,GWFG,949.9051317,0.80312598,1.08,0.071936636,0.18,1.514264907,6.844250184,1.06955303,1.461561803,2.134980538,28.01068291
IS2019F166,27/03/2019,2018/2019,GBG,2019.137036,0.33,2.284750316,0.076857161,0.18,3.020067759,2.998648408,6.698362963,3.119020929,2.125214094,27.39381488
IS19036,24/02/2019,2018/2019,GWFG,900.9753744,0.929660529,4.28945127,0.076690753,0.18,1.245163551,6.929420972,0.506963813,1.701065891,2.102812887,39.53963354
IS2019F97,19/02/2019,2018/2019,GBG,1904.490035,0.773740739,3.366942524,0.072083506,0.677220996,3.165098116,4.000917104,4.698492068,2.544026467,2.076423811,30.81290181
IS2019F127,04/04/2019,2018/2019,GBG,937.6039614,0.33,1.08,0.195491802,0.18,1.525339552,7.94224565,1.279664424,1.521337765,2.068833615,26.22490372
IS2019F67,19/02/2019,2018/2019,GBG,2629.020304,0.33,5.914364575,0.048862618,0.538977188,4.929772149,3.919073123,3.070333728,2.459308384,2.059327013,12.09480476
IS2019F68,19/02/2019,2018/2019,GBG,921.8004857,0.33,1.08,0.169935216,0.18,1.740690539,4.564454791,1.585492062,1.039179491,2.050139563,27.64303993
IS2019F138,06/04/2019,2018/2019,GBG,730.3029592,0.33,1.08,0.170107088,0.18,0.779173011,5.754558049,3.666513492,1.174401597,2.031643495,26.68768455
IS19113,28/03/2019,2018/2019,GWFG,817.4488752,0.33,2.433970144,0.058257631,0.18,1.261626478,5.430098329,0.817345873,1.240108875,2.025300698,20.78861892
IS2019F172,27/03/2019,2018/2019,GBG,1168.574979,0.33,1.08,0.072026217,0.404841534,2.479348046,4.12281328,1.653637253,1.650419165,2.0211882,22.32992149
IS2019F156,01/04/2019,2018/2019,GBG,1752.316927,0.874270092,3.940691191,0.092355633,0.982516253,2.721670424,5.651411682,1.217176946,1.981895717,2.014912972,22.02243386
IS2019F89,25/02/2019,2018/2019,GBG,827.4326564,0.33,1.08,0.037976617,0.431131689,1.238549736,7.348598998,1.335207012,1.782631582,1.989167711,35.22930666
IS19013,11/02/2019,2018/2019,GWFG,1151.809178,1.220888095,4.166942309,0.01,0.18,2.7832797,6.925603987,0.652545513,1.785592382,1.983718531,23.52516977
IS2019F73,27/02/2019,2018/2019,GBG,707.463298,1.312812418,4.211224191,0.085688095,0.453264204,1.553543866,8.943141867,0.540899584,2.09236611,1.982141832,30.20982638
IS19117,29/03/2019,2018/2019,GWFG,469.8176591,0.33,3.604818462,0.029766031,0.18,1.089929147,2.646827331,1.445630671,0.722270011,1.972547605,31.77924666
IS19064,19/03/2019,2018/2019,GWFG,560.6247019,0.33,1.08,0.053520289,0.18,0.993284232,5.323339184,0.501461216,1.547025536,1.97009647,19.44608607
IS2019F175,28/03/2019,2018/2019,GBG,1175.552995,0.763354569,1.08,0.051498355,0.18,1.530434093,4.294945312,0.21,1.755463564,1.925952059,15.23512836
IS2019F141,06/04/2019,2018/2019,GBG,1042.77033,0.33,1.08,0.247529515,0.18,1.042205214,4.935128873,3.166692596,1.372059426,1.921448182,17.17666263
IS19014,11/02/2019,2018/2019,GWFG,826.9634445,1.102222103,3.164567818,0.040208111,0.18,1.486280447,5.517773081,0.688795644,1.34023778,1.921222886,20.64189956
IS2019F77,10/02/2019,2018/2019,GBG,1690.4127,1.738508588,7.565125199,0.057174557,0.755909521,3.318538763,6.085205524,4.343574691,2.64493718,1.898075431,37.5619387
IS19086,26/03/2019,2018/2019,GWFG,2268.378431,0.33,3.283558767,0.104510419,1.196282926,2.928296909,8.978112986,2.90560257,2.505782745,1.889150281,29.73432618
IS19126,29/03/2019,2018/2019,GWFG,1164.700594,0.33,2.450378035,0.052028797,0.587404608,1.640737727,6.238461571,0.745874988,1.745906783,1.861647422,21.57217204
IS19049,27/02/2019,2018/2019,GWFG,2336.792711,1.559639728,5.41143157,0.059179446,0.840744834,4.800249692,6.726394271,9.861625716,2.788154285,1.856802079,30.70479383
IS19125,29/03/2019,2018/2019,GWFG,1449.967162,1.404306064,3.510541126,0.06065876,0.764034855,2.065313328,8.820141955,0.827589323,2.44214592,1.847500069,31.69179569
IS19116,29/03/2019,2018/2019,GWFG,513.5010492,0.33,1.08,0.040448257,0.18,0.985080885,2.09683338,0.83319616,1.151700927,1.842167156,19.66859145
IS2019F140,06/04/2019,2018/2019,GBG,1278.889795,0.33,1.08,0.159847043,0.360524318,1.094663245,4.238885973,2.645426349,1.470717503,1.832219037,20.68942634
IS2019F117,26/03/2019,2018/2019,GBG,729.8410888,0.719944127,1.08,0.147151499,0.18,1.022509518,9.541974793,1.68612716,2.111691604,1.81565238,44.59796687
IS19047,27/02/2019,2018/2019,GWFG,1763.985669,1.418237281,2.173054303,0.060679877,0.509747794,3.244658704,5.027430773,8.091364908,2.5175916,1.794302393,27.93697937
IS2019F110,27/03/2019,2018/2019,GBG,2284.897904,0.90200179,2.937503244,0.107993473,0.657827611,3.591117825,3.622862162,8.0841378,2.464508433,1.790020674,21.88872774
IS2019F136,06/04/2019,2018/2019,GBG,824.5265858,0.919788326,1.08,0.071138536,0.18,0.714047929,3.514439147,1.761034619,1.227280931,1.788612055,19.99537364
IS2019F131,04/04/2019,2018/2019,GBG,1680.474009,0.33,3.296367912,0.1096226,0.403842333,2.836393175,6.417206377,2.088586383,1.824987185,1.760477047,17.27731321
IS2019F129,04/04/2019,2018/2019,GBG,772.7137208,0.33,1.08,0.276955472,0.18,1.208494146,9.155149729,1.461359634,1.282286412,1.756620998,27.47564254
IS2019F98,19/02/2019,2018/2019,GBG,1549.788125,0.33,6.614987553,0.049487778,0.474700687,3.260043138,3.729520107,7.468663184,2.112080068,1.753193669,29.47480092
IS2019F76,10/02/2019,2018/2019,GBG,1236.553855,0.33,3.766545106,0.050356414,0.508477011,2.57202944,5.885199396,3.37364398,2.675717743,1.752900032,37.52880883
IS2019F124,04/04/2019,2018/2019,GBG,2517.861853,0.728103378,3.388685442,0.071716776,1.076720499,3.366535902,5.475603582,1.577232479,2.734565648,1.73488611,17.52294796
IS19055,27/02/2019,2018/2019,GWFG,904.2765938,0.33,2.694917694,0.030937925,0.18,1.189509838,9.596751483,0.705104377,1.938632872,1.730982669,33.31925426
IS19144,31/03/2019,2018/2019,GWFG,333.9482863,0.33,3.469582793,0.029340181,0.18,1.026761163,3.740734043,0.539966365,0.794963234,1.726859846,20.02313982
IS2019F90,11/02/2019,2018/2019,GBG,997.4145394,0.797984687,4.470072895,0.057584811,0.18,2.899770245,12.69567816,1.356731729,3.55522886,1.722654796,58.36325586
IS2019F80,11/02/2019,2018/2019,GBG,1167.518951,0.33,1.08,0.042111693,0.18,2.232033482,5.922175612,0.778829857,2.048867967,1.719419153,25.88342776
IS19012,11/02/2019,2018/2019,GWFG,1257.018113,0.33,3.812876307,0.040495143,0.430605404,2.273395179,4.879962476,0.500204172,1.481947795,1.697583131,13.78544602
IS2019F137,06/04/2019,2018/2019,GBG,631.8080178,0.33,1.08,0.059646416,0.377217085,0.81775734,4.743887358,0.585312408,1.352906855,1.684204151,18.48285233
IS19082,22/03/2019,2018/2019,GWFG,1063.750953,0.702673689,3.174096506,0.055214567,0.18,2.054698913,7.859371955,0.530512187,2.633186814,1.674211269,38.72888146
IS19098,27/03/2019,2018/2019,GWFG,875.1371969,0.848183508,2.341980301,0.04372111,0.18,1.812998076,4.391372601,1.058478681,1.053144643,1.670937104,21.2930048
IS2019F165,26/03/2019,2018/2019,GBG,812.2792744,0.33,1.08,0.046410818,0.18,0.917626468,6.579384407,1.530053374,1.578848686,1.650463391,31.38818296
IS19046,26/02/2019,2018/2019,GWFG,405.6982568,0.33,1.08,0.044818525,0.18,0.525068091,7.505426187,2.029485715,1.07104095,1.638416428,23.61388754
IS2019F174,28/03/2019,2018/2019,GBG,1011.99791,0.33,1.08,0.03638666,0.18,1.46978154,4.082156112,0.21,1.920439354,1.62361053,13.91431552
IS19135,31/03/2019,2018/2019,GWFG,1648.274657,0.739978689,10.55852471,0.069919405,1.53062501,2.878882749,11.38754911,3.532299421,2.494464253,1.597654333,40.70264436
IS2019F103,28/03/2019,2018/2019,GBG,528.5178504,0.33,1.08,0.070917624,0.18,1.746966633,6.645931267,1.377794893,1.338435846,1.588000684,37.12154938
IS2019F105,28/03/2019,2018/2019,GBG,693.8950736,1.078892712,1.08,0.090357291,0.413527862,2.314234048,6.057981748,1.218558016,1.35785014,1.587284635,30.24447075
IS2019F130,04/04/2019,2018/2019,GBG,1393.514872,0.33,1.08,0.096196015,0.18,2.134079124,7.846821235,1.709777028,1.825618987,1.552178932,25.43960883
IS2019F185,26/03/2019,2018/2019,GBG,531.2931946,0.791559402,1.08,0.053495857,0.406582503,0.893269813,7.243583736,1.835042499,1.707536503,1.551988267,39.29661452
IS2018F19,23/02/2018,2017/2018,GBG,1390.016359,0.33,7.431503931,0.049486623,0.59768872,2.173957658,3.266877732,0.990548781,1.57649145,1.536031983,23.05306466
IS19136,31/03/2019,2018/2019,GWFG,1608.318372,1.449446229,4.958905123,0.067838152,0.903740652,2.086661078,5.888973904,1.561984557,2.392302068,1.519919577,18.83777498
IS2019F147,01/04/2019,2018/2019,GBG,1091.835188,0.33,1.08,0.066824871,0.513078626,1.743015319,9.934013242,2.168034385,1.469615477,1.516463055,44.18198269
IS2018F15,23/02/2018,2017/2018,GBG,1539.995783,0.33,3.165986203,0.044627659,0.590582847,1.719317108,2.816524009,0.585315483,1.805969601,1.500738152,17.81631296
IS2019F148,01/04/2019,2018/2019,GBG,1399.707994,0.33,2.599365822,0.049618386,0.641296961,1.976472475,5.571486745,1.958862239,1.773365539,1.491893813,26.68382251
IS2019F173,27/03/2019,2018/2019,GBG,920.9759074,0.842637154,1.08,0.100754545,0.39871297,1.301084629,4.722022696,0.939488188,1.883076503,1.491554628,24.79283422
IS2019F116,26/03/2019,2018/2019,GBG,910.9940909,0.684841795,1.08,0.112115403,0.362693899,1.190230912,5.838014987,1.025243664,1.810594139,1.478301889,25.37834076
IS2019F81,10/02/2019,2018/2019,GBG,965.2615605,0.959903566,5.085511334,0.036024719,0.360110263,1.992916053,4.609634551,4.256116616,1.898953557,1.472033971,24.3079246
IS19099,27/03/2019,2018/2019,GWFG,774.3905189,0.33,2.28180963,0.053461205,0.18,1.496214003,3.42548654,0.64038986,0.992592664,1.462634983,13.7803241
IS2019F168,27/03/2019,2018/2019,GBG,1183.727087,0.33,1.08,0.026835775,0.18,1.911592043,2.97999057,7.917592715,1.774341056,1.451903803,14.45093207
IS2019F113,27/03/2019,2018/2019,GBG,1564.824589,1.090186209,1.08,0.077467413,0.371566033,2.993219769,2.519659231,5.717557853,2.301939212,1.446004789,15.20393256
IS2019F88,25/02/2019,2018/2019,GBG,693.1372136,0.33,1.08,0.058588259,0.18,1.299794839,9.658686313,1.224390784,1.806875364,1.425847701,45.01227819
IS19033,24/02/2019,2018/2019,GWFG,359.6976715,0.33,1.08,0.048005356,0.18,0.495978603,6.436295076,1.260503645,0.976839234,1.376987175,22.1412398
IS2019F82,27/02/2019,2018/2019,GBG,1190.751717,1.323757334,3.522896018,0.045115353,0.356846123,2.51876253,8.410696156,9.956135004,1.956825862,1.373930323,42.42707595
IS19078,20/03/2019,2018/2019,GWFG,374.8751308,0.33,1.08,0.01,0.18,0.809292497,5.737076732,1.602300975,1.317980678,1.373516546,23.63158193
IS2019F115,26/03/2019,2018/2019,GBG,933.4665978,0.709563147,1.08,0.194903342,0.467191699,1.306842175,9.281412065,1.055109824,1.970148187,1.362838753,41.10755135
IS2019F102,28/03/2019,2018/2019,GBG,578.5465092,1.245195029,1.08,0.080077207,0.18,1.283284609,6.560219153,1.285453205,1.339169304,1.352460206,28.58694288
IS2019F65,27/02/2019,2018/2019,GBG,1387.047717,0.33,1.08,0.043265667,0.493995934,2.318944555,6.813429448,8.779300123,2.216757358,1.301352232,33.63114908
IS2019F58,08/02/2019,2018/2019,GBG,494.4131829,0.33,2.853940533,0.062700429,0.18,0.843112528,4.220449998,0.540474003,1.044798288,1.272895012,9.918642769
IS19045,26/02/2019,2018/2019,GWFG,557.0343272,0.33,1.08,0.036632623,0.18,0.628914025,6.621311666,1.831302808,1.256573081,1.267311925,22.59778482
IS19124,29/03/2019,2018/2019,GWFG,578.8534446,0.33,1.08,0.01,0.18,0.799381342,5.473414838,2.108949074,1.095697919,1.258247973,31.23167573
IS2019F66,19/02/2019,2018/2019,GBG,440.7385565,0.33,1.08,0.034098735,0.18,0.881666267,3.735700047,1.452656043,0.783856486,1.257089492,18.46079382
IS19127,29/03/2019,2018/2019,GWFG,591.6188266,0.33,3.664534892,0.026877816,0.18,0.965035402,3.408995727,1.46395034,0.932912724,1.239021841,25.61820059
IS2019F122,04/04/2019,2018/2019,GBG,1172.208955,0.33,1.08,0.033970745,0.503661706,1.380116287,5.118255813,1.845993019,1.807029108,1.222110118,23.36456171
IS19051,27/02/2019,2018/2019,GWFG,572.9026921,0.753247816,1.08,0.04571431,0.18,0.703309711,5.486508955,1.076968322,1.688387249,1.204188788,35.70819288
IS2019F163,26/03/2019,2018/2019,GBG,320.6184201,0.33,1.08,0.040742753,0.18,0.603351522,3.161633663,0.674683519,0.545306865,1.203519618,9.036841277
IS2019F184,26/03/2019,2018/2019,GBG,532.1889575,0.33,1.08,0.042536064,0.18,0.954324789,7.256590312,1.616646873,1.664516029,1.202320905,37.62305883
IS2019F63,27/02/2019,2018/2019,GBG,1143.436021,0.907902707,2.277673963,0.039894848,0.18,2.201207889,8.057313714,8.712671163,1.606576024,1.19454169,36.06980154
IS2019F162,26/03/2019,2018/2019,GBG,369.4054003,0.33,1.08,0.038219096,0.18,0.901563585,7.611283074,1.484878093,0.841235262,1.184649163,30.46167358
IS2019F183,26/03/2019,2018/2019,GBG,418.6789091,0.33,1.08,0.037733387,0.18,0.760593196,6.607320244,1.796978885,1.561895155,1.12709678,40.26187864
IS19019,13/02/2019,2018/2019,GWFG,866.66878,0.33,3.744496905,0.052605082,0.58667111,1.6413636,8.394980046,1.004003909,2.440281482,1.099976373,25.78617026
IS19053,27/02/2019,2018/2019,GWFG,432.4359989,0.33,2.206425436,0.044687305,0.18,0.723174265,7.104182129,1.212928463,1.413036328,1.07704864,38.33796664
IS2019F169,27/03/2019,2018/2019,GBG,895.0972473,0.33,1.08,0.066640678,0.18,1.486830364,2.98290782,10.831657,1.76391921,1.057063934,22.04916314
IS19108,28/03/2019,2018/2019,GWFG,240.7412151,0.33,1.08,0.028722297,0.18,0.367246028,6.815271453,0.51350654,1.254284001,1.046661972,20.59477544
IS2019F64,27/02/2019,2018/2019,GBG,2330.23158,0.33,1.08,0.062746218,0.748700089,3.23884382,6.698383545,10.92982739,2.965416359,1.043850898,41.33487853
IS19118,29/03/2019,2018/2019,GWFG,293.5780029,0.33,1.08,0.01,0.18,0.627041663,1.783401741,0.776832135,0.707867244,1.019156611,19.50492937
IS19148,31/03/2019,2018/2019,GWFG,619.5994768,0.33,2.731884298,0.049921149,0.48798982,0.554578517,8.972223514,0.565066009,2.869879456,0.982510936,27.98973437
IS19150,01/04/2019,2018/2019,GWFG,574.93635,0.33,5.203842324,0.036208244,0.18,0.734964365,6.178491893,0.21,1.167907136,0.979636755,19.04020055
IS19062,19/03/2019,2018/2019,GWFG,136.1922188,0.715770177,1.08,0.051577786,0.18,0.240684735,6.28317776,2.704130406,0.984079278,0.979219923,28.04049253
IS19061,19/03/2019,2018/2019,GWFG,254.8461856,0.33,1.08,0.044076113,0.18,0.425433411,4.033425898,1.512949832,0.990135849,0.977919451,16.09789204
IS19029,15/02/2019,2018/2019,GWFG,343.3785838,0.33,1.08,0.039854789,0.18,1.24461399,6.532115596,1.509706318,1.19326772,0.96412659,48.60111553
IS2019F170,27/03/2019,2018/2019,GBG,270.3638484,0.33,1.08,0.066371148,0.18,0.539162032,5.938889041,1.223262551,1.148550065,0.949895687,31.70003917
IS2019F143,03/04/2019,2018/2019,GBG,289.1530266,0.33,1.08,0.01,0.18,0.662128674,3.874875574,2.104305985,0.946668916,0.935341431,11.09669234
IS19052,27/02/2019,2018/2019,GWFG,463.6083065,0.33,1.08,0.049587244,0.18,0.862623513,10.74715033,2.172832649,1.870786284,0.924375839,63.19576235
IS2019F69,19/02/2019,2018/2019,GBG,1437.901999,0.33,1.08,0.032716181,0.449066404,2.005355287,2.536753405,1.911965452,1.809430707,0.898764787,10.39387605
IS19005,08/02/2019,2018/2019,GWFG,688.180124,0.33,1.08,0.075971861,0.442804315,0.825083383,6.962604155,1.019414031,2.070710352,0.892386403,17.19390982
IS19143,31/03/2019,2018/2019,GWFG,168.1933605,0.33,1.08,0.027412367,0.18,0.570165422,5.701015544,0.801872529,0.890720776,0.887299353,30.79369204
IS2019F144,03/04/2019,2018/2019,GBG,146.4552521,0.33,1.08,0.01,0.18,0.187624372,7.325860618,3.743825574,0.88441477,0.87770167,32.46717211
IS19040,26/02/2019,2018/2019,GWFG,661.0418532,0.33,1.08,0.055495462,0.18,0.893061745,7.296078755,1.47204972,1.416575599,0.85196014,30.13297227
IS2019F61,27/02/2019,2018/2019,GBG,380.0387988,0.33,1.08,0.01,0.18,0.805261721,6.503202133,0.468107863,0.945294514,0.849954588,20.77420985
IS19151,01/04/2019,2018/2019,GWFG,692.7068078,0.757402442,2.288333066,0.037108092,0.41573823,0.723717095,7.18099875,0.21,1.715926833,0.837137062,22.59737202
IS2019F114,26/03/2019,2018/2019,GBG,452.7531502,0.33,1.08,0.087953192,0.18,0.578097162,6.956778378,1.48750862,1.622097117,0.832858533,29.77414687
IS2019F107,28/03/2019,2018/2019,GBG,691.8763317,0.33,2.684174385,0.046353222,0.636707106,1.291116077,6.197667702,1.617720155,1.625754034,0.827827406,20.20354649
IS2019F142,03/04/2019,2018/2019,GBG,140.2513337,0.33,1.08,0.035089173,0.18,0.403868367,7.486400814,2.92687241,1.026037242,0.826459918,24.1477072
IS2018F11,23/02/2018,2017/2018,GBG,296.54766,0.33,1.08,0.034700367,0.18,0.42307952,3.180340057,0.693890848,1.26332186,0.824753032,21.52565017
IS19043,26/02/2019,2018/2019,GWFG,242.5075622,0.33,1.08,0.043659225,0.18,0.250832387,5.561102601,2.355601218,1.366085257,0.778533339,23.44844332
IS19142,31/03/2019,2018/2019,GWFG,175.3534735,0.33,1.08,0.01,0.18,0.532234076,5.474113176,0.903596434,0.708262462,0.768919833,23.83577047
IS19133,29/03/2019,2018/2019,GWFG,140.9962164,0.33,1.08,0.211784152,0.18,0.199529552,13.18080503,1.697199328,1.508975965,0.767952947,46.91659717
IS19141,31/03/2019,2018/2019,GWFG,174.823579,0.33,1.08,0.01,0.18,0.391198572,4.413476232,0.50817235,1.001022611,0.767207842,19.12820014
IS2019F84,08/02/2019,2018/2019,GBG,303.8855312,0.33,3.762907997,0.053926919,0.18,0.574446412,4.840674864,0.651102425,0.830789626,0.763873178,11.88764262
IS19131,29/03/2019,2018/2019,GWFG,156.6116228,0.688770998,1.08,0.073311695,0.18,0.183995785,10.19578124,1.196407562,1.485641294,0.761644008,36.42970456
IS2019F164,26/03/2019,2018/2019,GBG,393.4841459,0.33,1.08,0.01,0.18,0.656851998,3.106146288,0.869072848,1.174809417,0.75504337,17.63488646
IS19091,26/03/2019,2018/2019,GWFG,457.5615,0.667104676,2.218263035,0.038722164,0.18,0.878708489,6.801377964,1.173546113,1.118122623,0.751478366,21.94634313
IS19153,01/04/2019,2018/2019,GWFG,165.6021912,0.33,1.08,0.038023324,0.18,0.302921137,7.178125309,1.186501763,0.908095192,0.746523606,24.91385993
IS19100,27/03/2019,2018/2019,GWFG,164.5470883,0.33,1.08,0.037841875,0.18,0.197563563,7.340759865,3.221685901,1.206220831,0.736227391,23.90825795
IS19083,26/03/2019,2018/2019,GWFG,935.4145434,0.33,1.08,0.01,0.483154429,1.365935665,4.344396614,0.446071385,1.745268343,0.721334641,13.65153517
IS2019F192,01/04/2019,2018/2019,GBG,283.3217694,0.33,1.08,0.031729347,0.18,0.438196349,6.65956145,3.963025258,1.399240597,0.720091835,38.61197167
IS19087,26/03/2019,2018/2019,GWFG,824.0060652,0.33,1.08,0.040963175,0.18,1.245695198,8.005490544,3.097808449,1.312403345,0.702667203,30.24742815
IS19152,01/04/2019,2018/2019,GWFG,410.6849374,1.095421531,1.08,0.044846363,0.18,0.711062918,6.12823834,2.711303131,1.019075649,0.690547227,31.37751407
IS2018F14,23/02/2018,2017/2018,GBG,411.0602758,0.33,1.08,0.053267152,0.18,0.515675105,4.262806908,0.705434457,1.235167964,0.689455664,12.7896695
IS2019F139,06/04/2019,2018/2019,GBG,481.8326852,0.735131107,1.08,0.110612244,0.18,0.457800501,4.20029616,3.053938885,1.162972217,0.672402568,25.15006561
IS2019F79,11/02/2019,2018/2019,GBG,321.3273788,0.33,1.08,0.052354576,0.18,0.682421662,6.874087758,0.738846533,0.975682752,0.66201504,26.8574705
IS19020,13/02/2019,2018/2019,GWFG,685.4218854,0.33,2.325871689,0.050616313,0.18,1.262452367,10.7779395,1.349499187,3.45811584,0.656458732,32.72058832
IS19123,29/03/2019,2018/2019,GWFG,465.4198789,0.33,1.08,0.01,0.18,0.700625507,4.512496287,1.344296737,1.040586512,0.65353912,24.43325009
IS19132,29/03/2019,2018/2019,GWFG,149.4377417,0.33,1.08,0.086889864,0.18,0.236540764,7.104488724,0.950431567,1.268645882,0.624807573,26.56902544
IS19088,26/03/2019,2018/2019,GWFG,589.1226282,0.33,1.08,0.036711677,0.18,0.866986121,8.716427879,3.455273307,1.473126935,0.612963902,38.97351637
IS19128,29/03/2019,2018/2019,GWFG,287.6862617,0.33,1.08,0.033645868,0.18,0.482848398,4.164119778,0.638017914,0.752780468,0.605336724,23.34467312
IS2019F145,03/04/2019,2018/2019,GBG,425.7063062,0.33,1.08,0.039318756,0.18,0.438755497,6.351477307,2.914188371,1.099236626,0.603867354,23.22162469
IS19096,26/03/2019,2018/2019,GWFG,288.7159717,0.33,1.08,0.042544183,0.18,0.378012257,9.06449335,1.647525956,1.187910124,0.595738104,25.18228204
IS19154,01/04/2019,2018/2019,GWFG,347.5012073,0.33,1.08,0.035385386,0.18,0.589519991,6.951189071,2.096041465,1.031490448,0.592771304,32.78618054
IS2019F112,27/03/2019,2018/2019,GBG,433.7246125,0.33,1.08,0.042249843,0.18,0.643910838,3.163167772,7.513405886,1.409942078,0.590050983,22.26551618
IS2018F31,21/02/2018,2017/2018,GBG,432.3351561,0.33,1.08,0.028784704,0.18,0.690809094,4.010117672,1.90684815,1.625361669,0.574754594,23.06843755
IS19084,26/03/2019,2018/2019,GWFG,716.4772757,0.33,1.08,0.01,0.18,1.038539356,4.666926343,0.410824912,1.501115228,0.572261918,11.85863892
IS2019F83,19/02/2019,2018/2019,GBG,152.5274672,0.33,1.08,0.033899783,0.18,0.311084852,5.540563334,1.028017662,0.812149269,0.554149587,17.80636664
IS19107,28/03/2019,2018/2019,GWFG,253.8845938,0.33,1.08,0.040610197,0.18,0.28306938,5.402445654,0.728925383,1.156551899,0.530105044,21.46876727
IS19090,26/03/2019,2018/2019,GWFG,434.3491223,0.33,1.08,0.01,0.18,0.633316682,7.582589038,1.088537939,1.306305352,0.525889557,28.80293435
IS19089,26/03/2019,2018/2019,GWFG,300.6837881,0.33,1.08,0.01,0.18,0.475661226,6.006389863,0.936856121,1.074091755,0.517832092,25.00029217
IS19129,29/03/2019,2018/2019,GWFG,423.9700126,0.33,1.08,0.035519564,0.18,0.577251207,4.235688129,0.570397744,1.064062022,0.516525452,22.98468739
IS19028,15/02/2019,2018/2019,GWFG,201.0437091,0.33,1.08,0.01,0.18,0.506542392,5.59131813,0.72035527,1.205733584,0.474462664,32.71270687
IS2019F106,28/03/2019,2018/2019,GBG,245.9911341,0.33,1.08,0.01,0.18,0.322814442,5.056796477,2.151515443,1.146833462,0.459942396,21.27234002
IS19122,29/03/2019,2018/2019,GWFG,214.5828549,0.33,1.08,0.01,0.18,0.285376551,3.324398984,1.470347224,0.848262357,0.449210246,14.92938938
IS19027,15/02/2019,2018/2019,GWFG,181.8780434,0.33,1.08,0.034726739,0.18,0.462033689,5.274289369,0.99962895,1.003145922,0.23,39.7972121
IS2019F120,28/03/32019,2018/2019,GBG,149.7645173,0.33,1.08,0.054278363,0.18,0.167307081,12.65479795,1.192598137,2.261158105,0.23,37.7822787
IS19057,18/03/2019,2018/2019,GWFG,103.0343508,0.33,1.08,0.026678178,0.18,0.175446989,10.58300014,0.728145836,2.15652347,0.23,35.14276391
IS2019F189,30/03/2019,2018/2019,GBG,257.2649949,0.33,1.08,0.01,0.18,0.400928238,4.97443593,0.718178906,1.226897389,0.23,33.57522128
IS19146,31/03/2019,2018/2019,GWFG,124.0110392,0.33,1.08,0.030790226,0.18,0.112453188,5.704374896,1.205292041,1.124267039,0.23,29.28589679
IS2019F108,28/03/2019,2018/2019,GBG,182.2155303,0.33,1.08,0.01,0.18,0.340401571,6.166158085,3.026163344,0.989889349,0.23,29.20664506
IS2019F109,28/03/2019,2018/2019,GBG,206.3168685,0.33,1.08,0.036273828,0.18,0.308870624,6.80875867,1.734561054,0.888999908,0.23,28.90715929
IS2018F30,21/02/2018,2017/2018,GBG,763.5988795,0.33,1.08,0.01,0.542396098,1.190600578,5.613755304,1.426775176,1.806731642,0.23,25.36111908
IS2019F188,30/03/2019,2018/2019,GBG,195.5735372,0.33,1.08,0.01,0.18,0.291285501,4.400032989,0.512017261,1.159795085,0.23,24.44533457
IS19058,18/03/2019,2018/2019,GWFG,319.2989971,0.33,1.08,0.029419896,0.18,0.528963301,6.662101949,0.593934305,2.08557282,0.23,23.25314061
IS2019F161,03/04/2019,2018/2019,GBG,103.1007683,0.33,1.08,0.05282929,0.18,0.225909978,5.923324279,3.272272309,0.953755694,0.23,23.08359723
IS2019F187,30/03/2019,2018/2019,GBG,331.3712545,0.33,1.08,0.01,0.18,0.490775969,3.173258186,0.442499524,1.286161117,0.23,21.24781708
IS19085,26/03/2019,2018/2019,GWFG,382.3089996,0.33,1.08,0.01,0.18,0.614232099,6.354914112,0.767483785,0.922721008,0.23,19.69274033
IS19059,18/03/2019,2018/2019,GWFG,289.1888124,0.33,1.08,0.01,0.18,0.476199553,5.837516221,0.494304143,1.687798278,0.23,18.15259404
IS19130,29/03/2019,2018/2019,GWFG,122.4226091,0.33,1.08,0.01,0.18,0.191026561,5.21414052,0.800134702,0.804538493,0.23,17.88753554
IS2019F186,30/03/2019,2018/2019,GBG,151.8107575,0.33,1.08,0.01,0.18,0.239659378,3.620599741,0.706773024,1.147479971,0.23,14.94273828
